"Transaction Hash","Timestamp","From","To","Transaction Type","Asset Contract Address","Asset Symbol / Name","Token ID","Amount","Gas Fee (ETH)"
"0x984bbb138fcd25963a62f96079f9b34c82b1e45b47c5fd9e74c65cba4de69500","2024-04-12T03:37:11Z","0x111111125421ca6dc452d289314280a0f8842a65","0xfb50526f49894b78541b776f5aaefe43e3bd8590","INTERNAL_TRANSFER","","","","828661097015229570","0"
"0xb863849047862992c9fe19942353275d17546d141b27c8e673324397824c728b","2024-04-23T09:09:11Z","0x111111125421ca6dc452d289314280a0f8842a65","0xfb50526f49894b78541b776f5aaefe43e3bd8590","INTERNAL_TRANSFER","","","","1000000000000000000","0"
"0xcc7a6c0ed1bbc0d3df921f6eff9d61f1b27bc15aa2c93268a8d73a08368feb16","2024-04-26T03:08:23Z","0x111111125421ca6dc452d289314280a0f8842a65","0xfb50526f49894b78541b776f5aaefe43e3bd8590","INTERNAL_TRANSFER","","","","1112659211482554500","0"
"0x270e1b5a56d5664584d648db7f1182b57a85da4e6f3c37bbb484cc275497a4c6","2024-03-13T02:48:11Z","0x089d496fe44686fefe81fe19bf38b77b01d5ddcb","0xfb50526f49894b78541b776f5aaefe43e3bd8590","ERC20_TRANSFER","0xcb5ab3f47bef834722c51a793f2e3a4d1b75a791","GPUAI","","10691301771543424","0.012654512416902237"
"0x873f6676d74cbe4c49c5cf416fe15dec8d995e747df3708ca537c2c29f4a47ec","2024-03-28T11:00:11Z","0x532ad0bcde9e14b8f5cc7c0021c0c337e73c0115","0xfb50526f49894b78541b776f5aaefe43e3bd8590","ERC20_TRANSFER","0xdc8af07a7861bedd104b8093ae3e9376fc8596d2","RVF","","6963727097180219000000","0.002414343036172418"
"0x82ca3ac778c119f9dff5110b2640fd8605c0a5247ab5b23864a0b77b8d64a664","2024-03-28T11:10:11Z","0x532ad0bcde9e14b8f5cc7c0021c0c337e73c0115","0xfb50526f49894b78541b776f5aaefe43e3bd8590","ERC20_TRANSFER","0xdc8af07a7861bedd104b8093ae3e9376fc8596d2","RVF","","3197770034463994000000","0.00190515"
"0xa09dd912bf7cc719e6bbb15074bb5e4f938541ddd2b107b6c7b4b926963081d6","2024-03-28T11:15:11Z","0x532ad0bcde9e14b8f5cc7c0021c0c337e73c0115","0xfb50526f49894b78541b776f5aaefe43e3bd8590","ERC20_TRANSFER","0xdc8af07a7861bedd104b8093ae3e9376fc8596d2","RVF","","6946521739130434000000","0.001856756"
"0x4fbbc2f1a9065e9ee58bfa4e5d0d6ebb0f5582661f7eb3193ceb0c382811c0f0","2024-03-28T11:25:11Z","0x532ad0bcde9e14b8f5cc7c0021c0c337e73c0115","0xfb50526f49894b78541b776f5aaefe43e3bd8590","ERC20_TRANSFER","0xdc8af07a7861bedd104b8093ae3e9376fc8596d2","RVF","","4025760000000000000000","0.001915213321953194"
"0x58271629dd166a5c6fdc2f438a893523de786f334d96e0feba1178b7d3e89b6a","2024-03-28T11:35:11Z","0x532ad0bcde9e14b8f5cc7c0021c0c337e73c0115","0xfb50526f49894b78541b776f5aaefe43e3bd8590","ERC20_TRANSFER","0xdc8af07a7861bedd104b8093ae3e9376fc8596d2","RVF","","4970057272727274000000","0.002003342"
"0x62d3eb2e94672c89c514c047cf7a42071e1b2be71915fbd634a77c4e3f4d4a4d","2024-03-28T11:45:11Z","0x532ad0bcde9e14b8f5cc7c0021c0c337e73c0115","0xfb50526f49894b78541b776f5aaefe43e3bd8590","ERC20_TRANSFER","0xdc8af07a7861bedd104b8093ae3e9376fc8596d2","RVF","","2282670000000000000000","0.002052004835099258"
"0x225f075acfa0b57b23eb7210010ce8a8ae97eefac5b22bb122d9fcb32ea417fd","2024-03-28T15:15:23Z","0xfb50526f49894b78541b776f5aaefe43e3bd8590","0xee0012ff28b64b86fa7044f46b3d4778e1024a58","ERC20_TRANSFER","0xdc8af07a7861bedd104b8093ae3e9376fc8596d2","RVF","","28386506143501923000000","0.0035632719504911"
"0xc848a127b6b993bb83de5364fd039985d7b9d31be69c266fb9cd242708a23e64","2024-04-06T14:10:23Z","0x532ad0bcde9e14b8f5cc7c0021c0c337e73c0115","0xfb50526f49894b78541b776f5aaefe43e3bd8590","ERC20_TRANSFER","0xdc8af07a7861bedd104b8093ae3e9376fc8596d2","RVF","","7032540000000000000000","0.002835334"
"0x984bbb138fcd25963a62f96079f9b34c82b1e45b47c5fd9e74c65cba4de69500","2024-04-12T03:37:11Z","0xfb50526f49894b78541b776f5aaefe43e3bd8590","0xa66cdad5facbcbf74d9b60dcc8034c2a485e63ff","ERC20_TRANSFER","0xdc8af07a7861bedd104b8093ae3e9376fc8596d2","RVF","","7032540000000000000000","0.001454717846663664"
"0x8a2278a6fc6853107c54ad546ab1f691e9cc056592da8e10b8cb9b6c0d997e73","2024-05-05T18:14:23Z","0xbabf438fb38a715ebd0a271e2157f3539df601e0","0xfb50526f49894b78541b776f5aaefe43e3bd8590","ERC20_TRANSFER","0x7a9a55ee1154a481f539256e736946505b90f955","MASSIVE AI","","786908262736827","0.00880144535579694"
"0xd93fc02184b862d6a2a1a70558bb01639143957811e1f9293d742084bb6a4166","2024-05-05T18:14:47Z","0x76aa0d67add1b46169666c74ad3d0abbbbd31408","0xfb50526f49894b78541b776f5aaefe43e3bd8590","ERC20_TRANSFER","0x57b386e5b78bd7b1ddb60d45a4a5e20830d693d9","NVIDIA AI","","3734007770231846","0.008995354411056552"
"0xbcc13214d6fd0b7d89061bc326c26a956743ef6934bcff492f1bbfd77880716f","2024-05-08T05:43:35Z","0xd6a4ba0f6627488164d1ba97681fb90876954a8e","0xfb50526f49894b78541b776f5aaefe43e3bd8590","ERC20_TRANSFER","0x399e958dfd56443555358da64a5ed0eb8bc0de45","POKKY","","344397568560310980","0.018616014005495445"
"0x5f039892b45adec0e6e86648e80f9ccf85d5f794545d2beb3f6b712c67d27cdd","2024-05-10T00:53:35Z","0x672f9bdaac8cb33d389f706587374a1936b980e5","0xfb50526f49894b78541b776f5aaefe43e3bd8590","ERC20_TRANSFER","0x0678431b4697eaf68fe8d5ab62cd4c9c1c2e97c2","AERO","","36631405726886","0.011061145078914125"
"0x9d8383ca525bf241780686859da0d474f945ea7783bc5d2857febaa43d232212","2024-05-12T07:01:59Z","0xde01aceeb61afe420a2720a14bebb24ff70debcd","0xfb50526f49894b78541b776f5aaefe43e3bd8590","ERC20_TRANSFER","0x4b7eedd537e04b1eac7db6c08defbe26778b4706","NOT","","312397568560310980","0.023627320508214843"
"0x088ce962acf0e20ddcf7b14399b114fc92e8bc266ab19f6a93d73610ad596b41","2024-05-12T11:59:47Z","0x0c0c72a437d975b9b5e7507724836a6a491cb9d0","0xfb50526f49894b78541b776f5aaefe43e3bd8590","ERC20_TRANSFER","0x3b2a3e7a6644a4fd45971f39221c94f1753de267","NoHat","","552397568560310980","0.016288586514550155"
"0x1b15e9d0fd325f3f39309afc1c2f39bcdd4aa9214d472b7b36044848f10bd27f","2024-05-17T00:26:23Z","0x436fbafab7b6a1071126389a3374147b7130b0c3","0xfb50526f49894b78541b776f5aaefe43e3bd8590","ERC20_TRANSFER","0x3a4ea8d4d4636b2662ccfc0922da20e6baad4132","FAME AI","","111612677314585","0.005206142177826849"
"0x27857d9e4e7016bacfd002f6c7cf1a008c181647356ec7c66bcbedf6b6cf91e4","2024-05-17T00:27:35Z","0x76aa0d67add1b46169666c74ad3d0abbbbd31408","0xfb50526f49894b78541b776f5aaefe43e3bd8590","ERC20_TRANSFER","0x57b386e5b78bd7b1ddb60d45a4a5e20830d693d9","NVIDIA AI","","33042611649358","0.005542363551126402"
"0x00913e07fa7199db3c2d127dcf510709720522c7c4a35774dfa7fac213e9c7db","2024-05-17T05:32:47Z","0xde01aceeb61afe420a2720a14bebb24ff70debcd","0xfb50526f49894b78541b776f5aaefe43e3bd8590","ERC20_TRANSFER","0x4b7eedd537e04b1eac7db6c08defbe26778b4706","NOT","","52397568560311000","0.005779558052238918"
"0x339be802f15845a57e706289e56637c00ffcdf79166d17322985edacbee6a29d","2024-05-17T05:34:23Z","0xfb96931cbf2845a4d432eca0745745aa0fc5f015","0xfb50526f49894b78541b776f5aaefe43e3bd8590","ERC20_TRANSFER","0x86a6ec825541db35a3abeb58124fd998007a8753","TRUMPWIF","","252397568560311008","0.005772390180282882"
"0x573133e99dba1644d46db127366cfb4d04f522007c136239c7e4926fb9bc19af","2024-05-17T05:43:35Z","0x436fbafab7b6a1071126389a3374147b7130b0c3","0xfb50526f49894b78541b776f5aaefe43e3bd8590","ERC20_TRANSFER","0x3a4ea8d4d4636b2662ccfc0922da20e6baad4132","FAME AI","","111145856126773","0.008181341542753289"
"0xf476a0420c3eaf2e59a33b33646b68878153fb3e9b5afabb9775cb3cc15db978","2024-05-17T05:44:35Z","0x76aa0d67add1b46169666c74ad3d0abbbbd31408","0xfb50526f49894b78541b776f5aaefe43e3bd8590","ERC20_TRANSFER","0x57b386e5b78bd7b1ddb60d45a4a5e20830d693d9","NVIDIA AI","","329722595390342","0.02338730517370401"
"0x0d648c1a1e14ab6db91700c173d859a7fd0f7d4996cdddaa0dff15609415693f","2024-05-17T05:44:35Z","0x76aa0d67add1b46169666c74ad3d0abbbbd31408","0xfb50526f49894b78541b776f5aaefe43e3bd8590","ERC20_TRANSFER","0x57b386e5b78bd7b1ddb60d45a4a5e20830d693d9","NVIDIA AI","","329722595390342","0.007883172329404052"
"0x1424471aca0a9b0ab0e8b06a14f3e3c851a92e8017f2bcdeb8b65a7ec6cc7303","2024-05-17T06:08:23Z","0x2dbe727d402c3567d6567fb5a1bbec13c214f232","0xfb50526f49894b78541b776f5aaefe43e3bd8590","ERC20_TRANSFER","0x713708fd0787f10355d683b8634b88342e2b9b17","REEE","","511397568560310980","0.00526568761405458"
"0x8e5a2cc6712a76c16f1997327b4a38f925fc7677da9a4d0b417440752278dd83","2024-05-17T06:11:47Z","0xca24d2e2f37ebb25b02d18757e20966eb20922ee","0xfb50526f49894b78541b776f5aaefe43e3bd8590","ERC20_TRANSFER","0x0fb2746fe557e5b12e65029ac5617954d9154db0","SBF","","51688906190676930000000000000000","0.0127437540354917"
"0x08d7675bc636d57b7b3a7180d42c8f11c0bf8ba8a782819c87a99bed59381790","2024-05-18T02:06:47Z","0x76aa0d67add1b46169666c74ad3d0abbbbd31408","0xfb50526f49894b78541b776f5aaefe43e3bd8590","ERC20_TRANSFER","0x57b386e5b78bd7b1ddb60d45a4a5e20830d693d9","NVIDIA AI","","26607931362028","0.007324457607703065"
"0x0add7819c10541adb5c20a1421053a715aa934f95fd2ef1908e029771a9e354b","2024-05-19T01:34:35Z","0x436fbafab7b6a1071126389a3374147b7130b0c3","0xfb50526f49894b78541b776f5aaefe43e3bd8590","ERC20_TRANSFER","0x3a4ea8d4d4636b2662ccfc0922da20e6baad4132","FAME AI","","82090905234303","0.005692042225165551"
"0x30803bb7e43efc4ce0701bad9e95560ca5cdf1d1147eb39f76da85e33ac8877a","2024-05-19T01:35:35Z","0x76aa0d67add1b46169666c74ad3d0abbbbd31408","0xfb50526f49894b78541b776f5aaefe43e3bd8590","ERC20_TRANSFER","0x57b386e5b78bd7b1ddb60d45a4a5e20830d693d9","NVIDIA AI","","64968870774298","0.005457224978633799"
"0x6e9f1e93266de760eccd469428630c7298dc1738eeb0d349a601cb6b64866f73","2024-05-25T06:40:59Z","0xb102e6dcfa68bc1b667c5b16b87088aece6c71ae","0xfb50526f49894b78541b776f5aaefe43e3bd8590","ERC20_TRANSFER","0x375f842b65e5baa2d1ae9a99069d8f5e3bda94cb","CAT","","772397568560311040","0.020376733067763579"
"0xcd5eda3d56fa73ca4423f46e4955f1e7a88864d07f53044c9209be7664599480","2024-06-02T05:19:11Z","0x672f9bdaac8cb33d389f706587374a1936b980e5","0xfb50526f49894b78541b776f5aaefe43e3bd8590","ERC20_TRANSFER","0x0678431b4697eaf68fe8d5ab62cd4c9c1c2e97c2","AERO","","2675003924037","0.008751303225661785"
"0x88b26af7373a1ee7c78a77b7ffe51861874c3a3a78a3100708740187158e0f12","2024-06-02T05:19:47Z","0x12d6750efb1c9a3d1d16f68b4ce8b1eff4320682","0xfb50526f49894b78541b776f5aaefe43e3bd8590","ERC20_TRANSFER","0xc02c329d35e09272f647a249a4ff8870beb124c7","NVIDIA AI","","1376832457869858","0.008999905381799022"
"0xdd58933540186c53e64aa891a146da3509a420e79732d6d0dc2016a333927132","2024-06-03T07:31:23Z","0x6f13601391e5bc38af025e3e291dca56792a5896","0xfb50526f49894b78541b776f5aaefe43e3bd8590","ERC20_TRANSFER","0x7bc0a3cc5a75256c12df4c3a9fbb8ecbbcd57f9c","TRUMPIG","","352397568560310980","0.063043771156556112"
"0x184eb291f69de766ff2f61eec52b0b3a739f5f5098070443e0eed7dccd587048","2024-06-04T05:26:23Z","0xa7a5b44f9cb9f6bd099705198f720dd5522ee720","0xfb50526f49894b78541b776f5aaefe43e3bd8590","ERC20_TRANSFER","0x18af22e479098fd81186fb9024b8f1f31ed68b81","protocol AI","","18912781109556644","0.061523235365881925"
"0x2e966362cfd4e3e6997fcf84a3c7d5d15cddf679360d6fb7c272891fd78372dc","2024-06-10T00:39:47Z","0xae80616a19ecec41fb996fcf9cf1fbdf0ef84e0e","0xfb50526f49894b78541b776f5aaefe43e3bd8590","ERC20_TRANSFER","0xcc270a4c9b3fbbbe39c411ee28f3845d4204a685","POPE","","256806308603081520000","0.058284125415974666"
"0xe85616972df161829b6c81fd51b357b0bd5c741e46b229af0225a4ef05f319a3","2024-06-10T02:52:11Z","0x7e70ca092167cee7bb0753dcba32eb77513e5d0b","0xfb50526f49894b78541b776f5aaefe43e3bd8590","ERC20_TRANSFER","0xca3a43be02b0266cf66e340ed3811c1ecfc06332","TSLA","","3654657332073815","0.0416162544134883"
"0xa5347702287f4e4bec892df8aa5c992830ce3e0ced1e611e6e6c574301ec1ba7","2024-06-10T02:53:59Z","0x7e70ca092167cee7bb0753dcba32eb77513e5d0b","0xfb50526f49894b78541b776f5aaefe43e3bd8590","ERC20_TRANSFER","0xca3a43be02b0266cf66e340ed3811c1ecfc06332","TSLA","","3654681557332073","0.04356911299704398"
"0xaa70968e1f58bc94fd3da9ef0210658abb49a45f9976d3d1f82e5555b0834325","2024-06-12T05:23:11Z","0xb8a36c7344c2f7ad278f27fecfcaf86efcaa181b","0xfb50526f49894b78541b776f5aaefe43e3bd8590","ERC20_TRANSFER","0x1443bfd7c66d17c057e7e20765d91cd35185f000","NVIDIAAIDev","","17382091548749234","0.076126849442308805"
"0x18590238d86f5055255cc936a55577f61d5f9745d421ea16499879779bd47d34","2024-06-14T08:42:47Z","0x56fd76db070562c8593dea7ab806beab9e6c356e","0xfb50526f49894b78541b776f5aaefe43e3bd8590","ERC20_TRANSFER","0xda098c1f08d3fceea95b2750e0a1c5af1b4789e5","BIAO2.0","","189756856031100032","0.040408428025961976"
"0xc20e990901c459cc5783cc95879fa948dec3839792bc238dc4d48159aea093fb","2024-06-15T10:57:47Z","0x5384e41ac611d7802cd428fbf5f480d44045f9d4","0xfb50526f49894b78541b776f5aaefe43e3bd8590","ERC20_TRANSFER","0x52334881604bfedaaf54bcbb704d66d2657113c2","Roxxi","","359756856031100030","0.019557585404721099"
"0x472ec3210e55efe9c0fbcb16af97a8cb6a5a11c02102ecd9ea047754859d3439","2024-06-15T21:22:59Z","0x021c99a67e1724679af3d2bab84e748ae49a50aa","0xfb50526f49894b78541b776f5aaefe43e3bd8590","ERC20_TRANSFER","0x979654587d182a5153e5e9b4cd6e77dbda404489","RIZZ","","59669342708866224","0.037413534576590682"
"0x515bfb1d6d56b42d224c4d259275c1c1775535a30046659e3063fb0241907bfb","2024-06-19T03:28:35Z","0x6adf62b13b8273ef308f44bbbb8339f3b6006779","0xfb50526f49894b78541b776f5aaefe43e3bd8590","ERC20_TRANSFER","0x485a482f530513dcbadb38f3f651849f086a97ab","OPNA","","209756856031100032","0.026845823452102275"
"0xfd269a473bbab352b86fba6323593f2d9ad5ca2cb13a5863b5ed90eef8d81838","2024-06-19T05:22:11Z","0xdf4ce72d521c195b0df4cee3cc2687dd5b0de662","0xfb50526f49894b78541b776f5aaefe43e3bd8590","ERC20_TRANSFER","0x8407a345a0526441e3a8a1530057c9b899c43ca2","Gamegptofficial","","455845808993709","0.018301087056040425"
"0x28bedbdcd8ee7f8c0e1119da291468136410e6bb08b2d1679388a0ded1c81cde","2024-06-19T05:53:59Z","0x021c99a67e1724679af3d2bab84e748ae49a50aa","0xfb50526f49894b78541b776f5aaefe43e3bd8590","ERC20_TRANSFER","0x979654587d182a5153e5e9b4cd6e77dbda404489","RIZZ","","634645494550987","0.01529266680189976"
"0xd062e4a176a978bc4c7505deb8423b969d34cedd22824fe186e5a4adea9b0ac2","2024-06-21T01:57:47Z","0xbfc748d7b2eac74dc7e680dcd7cfc8d4ae272f7e","0xfb50526f49894b78541b776f5aaefe43e3bd8590","ERC20_TRANSFER","0x080c7a4c2fae8e0bee68baa7355836768106f621","OPENEX","","9865220891776288","0.037288303556778723"
"0x5d744b588e2703e0538dbe635c68491465a0df6dc4df09840bd82ea990b30da2","2024-06-22T22:19:23Z","0x76b9a9660979f5e3c0d82d98b0198af689408169","0xfb50526f49894b78541b776f5aaefe43e3bd8590","ERC20_TRANSFER","0xef4f571749e4d421cd92f7d9712121b38d1355cd","NVIDIA AI","","21971675914846644","0.022514375052786681"
"0x3e3284849c969df9d6109884da443d0af8a80409646f13d2adcf1137ab123f4f","2024-06-26T03:50:47Z","0xe065ecde5341eed30741d97a02e4377c7f6d9e8b","0xfb50526f49894b78541b776f5aaefe43e3bd8590","ERC20_TRANSFER","0x790f42c3efd20eb26b007608e0f706a5d9c8c042","RESEMBLE AI","","325235961898134","0.02570167104829986"
"0x13e0a56d1b9baf5152fff49961fe73d5c361080ded3f0c6d93ddf86000defacf","2024-08-31T12:19:23Z","0x73a15fed60bf67631dc6cd7bc5b6e8da8190acf5","0xfb50526f49894b78541b776f5aaefe43e3bd8590","ERC20_TRANSFER","0xb110e8b56fae19227d61644d2147a2837ee93b3c","USD0 [www.usual.finance]","","1157000000000000000000","0.001091023501682192"
"0x62812c4199f325ecbbc4f720feea30a064c175f517e27a50b81caa28f2f25598","2024-09-01T07:58:47Z","0x77ab6b24bbae08c4188b14b27451f4e09e043689","0xfb50526f49894b78541b776f5aaefe43e3bd8590","ERC20_TRANSFER","0xcb702b68b7934d48c1e3ea86f10a238f53aeb1bc","NVIDIA AI","","3169291726098926","0.001450131036354306"
"0x3cb252a6a973e007b8912630f3c19028e6dc4109d8dcf8d8dd4160a14c1888a8","2024-09-01T08:00:23Z","0x7a417214ae7049096b349b6a59ea8646556bdb52","0xfb50526f49894b78541b776f5aaefe43e3bd8590","ERC20_TRANSFER","0x33a1ada445dfd27af86ef6b2402d9d02e356cf69","TESLA AI","","608855601719778","0.001459742469791094"
"0x5c75184f901473443265202a3950cde4ce180b5b3e3b1b1bfa0f1841c0f61676","2024-09-02T02:32:47Z","0xe96898e524a1a3de8a1c5b68c8b007a21e66e626","0xfb50526f49894b78541b776f5aaefe43e3bd8590","ERC20_TRANSFER","0xb5eff4ac0e907211b7876a54cfeb136af540b403","BERRY AI","","21452972651638696","0.007737966357834296"
"0xa51e6587c927157ccd500ec97cf7fdfa2d971aa2da5803b4c6f8a5035b4bbeb2","2024-09-06T01:58:11Z","0xf3dde7e7205967fbc0ec7e7e08212874b6e263e7","0xfb50526f49894b78541b776f5aaefe43e3bd8590","ERC20_TRANSFER","0x58c4f482fdde2e94055eebf476acfccbe3afe809","VISTA TRUMP","","73781648457057360","0.01398918993161438"
"0x50dbd4d97abcbc08b71f613647c3c3a2b36203315140a22e9afef78c8d38f8ad","2024-11-24T08:24:11Z","0x6b82284a0cdb7549c002bad6b639fa3c50d37bb5","0xfb50526f49894b78541b776f5aaefe43e3bd8590","ERC20_TRANSFER","0x8475ec8b519025548c2417b82aa25bf58cd72b39","DOGMON","","8758000000000000000","0.005843322784503595"
"0xe79fb0c71b8e3d13dd28e1eb0d4aba81cdcff969345b1a4df76ebcab6b895181","2024-11-24T09:15:59Z","0x706407c00e6283f8681917f62c1948d0a2172b86","0xfb50526f49894b78541b776f5aaefe43e3bd8590","ERC20_TRANSFER","0x1b7353b27bab48370d2485b0c51dc154483527f0","GYGAX","","3300000000000000000000","0.007241791624533455"
"0x324b801114ea42202c9ccf381f526c0a0a159a49d1f516e12d22c8e31b93d9ad","2024-11-24T23:10:35Z","0x12099b7b787d247cca2055bccaf00e6448084216","0xfb50526f49894b78541b776f5aaefe43e3bd8590","ERC20_TRANSFER","0x53dac5b23b3ca9a3c86aff8d0c7110fba72a9783","Wally","","7545450000000000000000","0.008711127872973364"
"0xb0e81317ff948a6c75c459432159c4d5be672e03d7c8313134b055bb991c1e80","2024-11-25T02:35:11Z","0x12099b7b787d247cca2055bccaf00e6448084216","0xfb50526f49894b78541b776f5aaefe43e3bd8590","ERC20_TRANSFER","0x53dac5b23b3ca9a3c86aff8d0c7110fba72a9783","Wally","","79790000000000000000","0.004691988315951891"
"0xd93b7630feed002a1fc7828ad564123d57daeb8ac901b98fd88055f51feb3a62","2024-11-25T05:51:35Z","0x814217be3b2ab91e47a011eee6e14c3b3fe65dad","0xfb50526f49894b78541b776f5aaefe43e3bd8590","ERC20_TRANSFER","0x37843bc944edbb0477df943d9061d359004a4e70","AEROBUD","","78645000000000000000","0.00660881266175761"
"0xd5b99d57f9fbf5dac52fe1aeec0df5e481f5577b5e6294f3b1cefc0332b145f4","2024-11-25T20:56:35Z","0x12099b7b787d247cca2055bccaf00e6448084216","0xfb50526f49894b78541b776f5aaefe43e3bd8590","ERC20_TRANSFER","0x53dac5b23b3ca9a3c86aff8d0c7110fba72a9783","Wally","","77500000000000000000","0.013545065051248132"
"0x826f59efef57f4f10941cbaa8d298945a826ff3cc37d570d755ed928eb9ab17f","2024-11-26T00:24:59Z","0x12099b7b787d247cca2055bccaf00e6448084216","0xfb50526f49894b78541b776f5aaefe43e3bd8590","ERC20_TRANSFER","0x53dac5b23b3ca9a3c86aff8d0c7110fba72a9783","Wally","","97868689898689900000","0.006337713270717415"
"0xbed9f2f4a2082fe4452cb308b042d104c29305f817f9fc338c4bd2429afa08d5","2024-11-26T02:16:11Z","0x12099b7b787d247cca2055bccaf00e6448084216","0xfb50526f49894b78541b776f5aaefe43e3bd8590","ERC20_TRANSFER","0x53dac5b23b3ca9a3c86aff8d0c7110fba72a9783","Wally","","74100000000000000000","0.01940433486387188"
"0xbd6f230246b1c19c91f97107f133ae1093b24e05bed027ab52c157154948498e","2024-11-26T06:09:47Z","0x814217be3b2ab91e47a011eee6e14c3b3fe65dad","0xfb50526f49894b78541b776f5aaefe43e3bd8590","ERC20_TRANSFER","0x37843bc944edbb0477df943d9061d359004a4e70","AEROBUD","","86543000000000000000","0.004829025575877822"
"0x88111090bb370e1d2ac564504164aa4c747dc23f24fe32f866de14f9e758d30e","2024-11-26T23:57:47Z","0x814217be3b2ab91e47a011eee6e14c3b3fe65dad","0xfb50526f49894b78541b776f5aaefe43e3bd8590","ERC20_TRANSFER","0x37843bc944edbb0477df943d9061d359004a4e70","AEROBUD","","79846578000000000000000","0.006328788975266769"
"0x606eab21f0667061df5bdba81cb96aa077aac0aefed819900ecbd67058146644","2024-11-27T02:40:59Z","0x12099b7b787d247cca2055bccaf00e6448084216","0xfb50526f49894b78541b776f5aaefe43e3bd8590","ERC20_TRANSFER","0x53dac5b23b3ca9a3c86aff8d0c7110fba72a9783","Wally","","685255000000000000000","0.005383350671141921"
"0x6256936e79ffc118b579e222211ac59e77b1e438dc634707a566ce176b6e0bec","2024-11-27T06:13:11Z","0x814217be3b2ab91e47a011eee6e14c3b3fe65dad","0xfb50526f49894b78541b776f5aaefe43e3bd8590","ERC20_TRANSFER","0x37843bc944edbb0477df943d9061d359004a4e70","AEROBUD","","97875000000000000000","0.004937586083600731"
"0x79e37c08fcb4370ab3bdf64d217dd6854057cd12f6ca82389764cace0db8f443","2024-11-29T04:20:11Z","0x029e87052e18a259367557e1ff32880951cc7d29","0xfb50526f49894b78541b776f5aaefe43e3bd8590","ERC20_TRANSFER","0xdba22db98d9651e7d11b811476b0c7c563d7ff84","TESLA AI","","10000000000000000000","0.030455423328583808"
"0x2aa20dad3a2857b747a13b0b14512d1ac7c33274cb548c54dffb24bd66fcb105","2024-11-30T03:10:47Z","0x029e87052e18a259367557e1ff32880951cc7d29","0xfb50526f49894b78541b776f5aaefe43e3bd8590","ERC20_TRANSFER","0xdba22db98d9651e7d11b811476b0c7c563d7ff84","TESLA AI","","78600000000000000","0.00439916551280244"
"0xeb6eec9047d76b120d9c7aa3112641dc572d22e806c9734d76ea3c7fe2ac619b","2024-11-30T07:23:35Z","0xc49d4b479ef7235e62359d1a6fe48c3f65954568","0xfb50526f49894b78541b776f5aaefe43e3bd8590","ERC20_TRANSFER","0xc7e8c1ff4afdfc47ff9885627afe9a3fa2d7c65b","NVIDIA AI","","907076075232959","0.005557622285303114"
"0x447b45c93a1e7bcb0eb3a1275d0d69196f74a07fc1b619a8951d771c6c92ded2","2024-11-30T07:44:59Z","0x029e87052e18a259367557e1ff32880951cc7d29","0xfb50526f49894b78541b776f5aaefe43e3bd8590","ERC20_TRANSFER","0xdba22db98d9651e7d11b811476b0c7c563d7ff84","TESLA AI","","67845315465312","0.00574180418941692"
"0xe495d198e961bf8bffeeb069576f3d272fcf99ad5511baf4d809b509e09179d4","2024-11-30T10:55:59Z","0xc49d4b479ef7235e62359d1a6fe48c3f65954568","0xfb50526f49894b78541b776f5aaefe43e3bd8590","ERC20_TRANSFER","0xc7e8c1ff4afdfc47ff9885627afe9a3fa2d7c65b","NVIDIA AI","","987965000000000000000","0.019427395585982142"
"0x16104adcb42b851b7e38c8ae48bb342c3a98315d38c799be6f74e60f6d9ff5e9","2024-12-01T02:46:35Z","0xc49d4b479ef7235e62359d1a6fe48c3f65954568","0xfb50526f49894b78541b776f5aaefe43e3bd8590","ERC20_TRANSFER","0xc7e8c1ff4afdfc47ff9885627afe9a3fa2d7c65b","NVIDIA AI","","8999520000000000000000","0.0087971095209984"
"0xd4da11dca68b3c1dcac33922a5e75177014f114b4a8f548e921e35cc27aeb936","2024-12-01T06:47:23Z","0xb6192bc04c154cb988237ba4623b86844e6e00ba","0xfb50526f49894b78541b776f5aaefe43e3bd8590","ERC20_TRANSFER","0x1bdf90b9fd1c17146aa26f24cee5094b60b2b660","OPEN AI","","86966000000000000000","0.005980273194559104"
"0x6757116067f6283a15e635d01fa66f09e3499656ce0a7394f90ba09627a44b4a","2024-12-01T08:36:59Z","0xc49d4b479ef7235e62359d1a6fe48c3f65954568","0xfb50526f49894b78541b776f5aaefe43e3bd8590","ERC20_TRANSFER","0xc7e8c1ff4afdfc47ff9885627afe9a3fa2d7c65b","NVIDIA AI","","998000000000000000","0.00604998996348219"
"0x5cbeb84464af33b7c05a3545e672d08ee3ea2189e65483d1634bd73fd0b9c971","2024-12-01T10:08:35Z","0x029e87052e18a259367557e1ff32880951cc7d29","0xfb50526f49894b78541b776f5aaefe43e3bd8590","ERC20_TRANSFER","0xdba22db98d9651e7d11b811476b0c7c563d7ff84","TESLA AI","","66698800000000000000","0.007912738398689775"
"0x905b026750bd869ae93b2ae10c7c897669d225540e9e66b0564c4ddedfee2a51","2024-12-01T13:01:11Z","0xb6192bc04c154cb988237ba4623b86844e6e00ba","0xfb50526f49894b78541b776f5aaefe43e3bd8590","ERC20_TRANSFER","0x1bdf90b9fd1c17146aa26f24cee5094b60b2b660","OPEN AI","","999886655000000000","0.01717648722040636"
"0x4d97d0681f42b3eb9a82ac82e814ac460749d60a9b0440c12a6e2230cf8de2a1","2024-12-02T04:55:59Z","0xc49d4b479ef7235e62359d1a6fe48c3f65954568","0xfb50526f49894b78541b776f5aaefe43e3bd8590","ERC20_TRANSFER","0xc7e8c1ff4afdfc47ff9885627afe9a3fa2d7c65b","NVIDIA AI","","785580000000000000000","0.010066980169723839"
"0x85ac7802daaad6c85ade5af1b25e44e3f440240ff301358eaa72e725bbba41df","2024-12-02T06:59:23Z","0xb6192bc04c154cb988237ba4623b86844e6e00ba","0xfb50526f49894b78541b776f5aaefe43e3bd8590","ERC20_TRANSFER","0x1bdf90b9fd1c17146aa26f24cee5094b60b2b660","OPEN AI","","77786900000000000000","0.007627087825040375"
"0xd99966a586c95dcb098c8d1250d8790724cea8dbd1ae1ce9ca95b604ca113723","2024-12-02T09:18:23Z","0x029e87052e18a259367557e1ff32880951cc7d29","0xfb50526f49894b78541b776f5aaefe43e3bd8590","ERC20_TRANSFER","0xdba22db98d9651e7d11b811476b0c7c563d7ff84","TESLA AI","","36789452000000000000","0.009694871633877157"
"0x5fca009d5c7b41ab5b57ccfaa3e1159ada3b26c38fe7214bf7215e0060abbcd7","2024-12-02T11:34:23Z","0xdd4a6592b26ff63a32f90b9e28e8d9e6bb36d3c3","0xfb50526f49894b78541b776f5aaefe43e3bd8590","ERC20_TRANSFER","0x55d0c027569318f819e81718e484862e6556766a","SIF","","89000000000000000000","0.011088612104408521"
"0xdd3695e9585953bd180908e98c29f900d6bd39bf74d9af011bce1cffcf8f74a1","2024-12-04T04:52:11Z","0x029e87052e18a259367557e1ff32880951cc7d29","0xfb50526f49894b78541b776f5aaefe43e3bd8590","ERC20_TRANSFER","0xdba22db98d9651e7d11b811476b0c7c563d7ff84","TESLA AI","","99700000000000000000","0.012413232123103374"
"0x99186fbfffec81a2c5fbfb3f4f3db9e25bdf59b69d62f6195189502a27829436","2024-12-07T04:33:47Z","0xa35665e71b2940532e6f8d049c13bc8c3797603c","0xfb50526f49894b78541b776f5aaefe43e3bd8590","ERC20_TRANSFER","0x5d5b12f2bae488e12726ea02663cf5d351ecfcad","AMBER","","685132645312645380","0.033152970773179605"
"0x9af621337d05f945fd8d4861ff9c5c690daf1b9a55d6f1d728c7f994a159ac51","2024-12-07T12:12:35Z","0xb18509b392dbadaa25426ffbd6140e9b42a87977","0xfb50526f49894b78541b776f5aaefe43e3bd8590","ERC20_TRANSFER","0xdd3201edfe43ae9b26aa847e7f194f1b6ee50778","CHILLMOG","","5046866563860367","0.145447517267150296"
"0x0d4f21d0ad7da0acb1af46356f7f9e2642cd683925ad04a7701999f10af92cbd","2024-12-10T05:11:59Z","0xf70f6f033f8213643ee1c6bbe40685302b544762","0xfb50526f49894b78541b776f5aaefe43e3bd8590","ERC20_TRANSFER","0x66ff3c045e790d943a92650d8d71913439ca33a2","AI Dragon","","8869000000000000000","0.018104521006627982"
"0x09f8b99c25bd629d601e2bf7ef2d9a3933608f2feeee5350f49d7e54b89da317","2024-12-15T05:59:11Z","0xa35665e71b2940532e6f8d049c13bc8c3797603c","0xfb50526f49894b78541b776f5aaefe43e3bd8590","ERC20_TRANSFER","0x5d5b12f2bae488e12726ea02663cf5d351ecfcad","AMBER","","355132645312645310","0.018867011720655435"
"0x869c0ae4dc7794971b20fa1363a431f2db131aed15db27ef6d4f0866f3cba448","2024-12-15T06:38:59Z","0xb42c8522ab8565642481ecc9b9ca16824e210bd9","0xfb50526f49894b78541b776f5aaefe43e3bd8590","ERC20_TRANSFER","0xb215f3927192181ebcd79227c70c10015ff10df3","SAKANA AI","","99500000000000000000","0.059792668198465961"
"0xfe9ea4ba99f0561dabba79fdad793c1e76b94046c2ac6307d1369ad6a4bdbfb3","2024-12-20T01:03:35Z","0x3f47961de99400404b114992031aa257c0404e5e","0xfb50526f49894b78541b776f5aaefe43e3bd8590","ERC20_TRANSFER","0xbb5c3b198f6def369bfb6ac7a34bb08ea49a0770","NANSEN AI","","20000000000000000000","0.005800905342332985"
"0x95761cdfd1fff91000f260aea55ef9512fa29bc4334fb81587c1ab02083e4179","2024-12-20T05:06:23Z","0xb42c8522ab8565642481ecc9b9ca16824e210bd9","0xfb50526f49894b78541b776f5aaefe43e3bd8590","ERC20_TRANSFER","0xb215f3927192181ebcd79227c70c10015ff10df3","SAKANA AI","","30000000000000000000","0.007061982308153043"
"0x74eb725f52c731408adf45f0d9ca3623cd9bd343f4e3c9ac38cf355de4d808fc","2024-12-20T07:47:11Z","0x3f47961de99400404b114992031aa257c0404e5e","0xfb50526f49894b78541b776f5aaefe43e3bd8590","ERC20_TRANSFER","0xbb5c3b198f6def369bfb6ac7a34bb08ea49a0770","NANSEN AI","","55200000000000000000","0.012219142851452187"
"0x03bb5953bb40c658816e6f8bf88d7a7433b1f42a5272cdeeb60cd63da4ef1c52","2024-12-22T13:04:11Z","0x3f47961de99400404b114992031aa257c0404e5e","0xfb50526f49894b78541b776f5aaefe43e3bd8590","ERC20_TRANSFER","0xbb5c3b198f6def369bfb6ac7a34bb08ea49a0770","NANSEN AI","","1000000000000000000","0.006594928813637964"
"0xb129c39a49b83096d22eeeb46c1e9969b4666b6438656057b153da02ab4dc8b6","2024-12-22T15:49:11Z","0xb42c8522ab8565642481ecc9b9ca16824e210bd9","0xfb50526f49894b78541b776f5aaefe43e3bd8590","ERC20_TRANSFER","0xb215f3927192181ebcd79227c70c10015ff10df3","SAKANA AI","","20000000000000000000","0.004630268677849164"
"0x7d95e979a82b3fe6396df0a3e1c0ae378c4655eae2573e793c70ebd79a801e0f","2024-12-22T20:49:11Z","0x3f47961de99400404b114992031aa257c0404e5e","0xfb50526f49894b78541b776f5aaefe43e3bd8590","ERC20_TRANSFER","0xbb5c3b198f6def369bfb6ac7a34bb08ea49a0770","NANSEN AI","","60000000000000000000","0.005456026377483786"
"0x7f0df10475a07e717db848a756f27c0c9e3f133c90aec4be0a0a77ceb0eeef3c","2024-12-23T05:35:23Z","0xc1a8658131c6d53b25e823663d1397e919925330","0xfb50526f49894b78541b776f5aaefe43e3bd8590","ERC20_TRANSFER","0x84f7d2f6fb447bb11d3e7ce64d83e1c02c2f3078","VIRTUAL","","95500000000000000000","0.04280016372884409"
"0xbcc2254703f0c89fc63bcc88808ddc416d3ca9537bf0bf733b3da93a6d748685","2024-12-23T11:22:59Z","0xc1a8658131c6d53b25e823663d1397e919925330","0xfb50526f49894b78541b776f5aaefe43e3bd8590","ERC20_TRANSFER","0x84f7d2f6fb447bb11d3e7ce64d83e1c02c2f3078","VIRTUAL","","23000000000000000000","0.004665283247228721"
"0x82c6e778dbb82818c8c8d9a0bec5e53e47e674e777d897a4ea22251a63e7739e","2024-12-25T10:36:23Z","0x3f47961de99400404b114992031aa257c0404e5e","0xfb50526f49894b78541b776f5aaefe43e3bd8590","ERC20_TRANSFER","0xbb5c3b198f6def369bfb6ac7a34bb08ea49a0770","NANSEN AI","","35000000000000000000","0.004394904726815499"
"0xf386550e1aae749da3f92af5f48142826193e8d762916a59eab738aa14c2c8ee","2024-12-27T00:10:23Z","0x3f47961de99400404b114992031aa257c0404e5e","0xfb50526f49894b78541b776f5aaefe43e3bd8590","ERC20_TRANSFER","0xbb5c3b198f6def369bfb6ac7a34bb08ea49a0770","NANSEN AI","","24500000000000000000","0.004312714660836709"
"0x235138605c83f58de52544ae645300cd1c0968273a49729ce14edbaa7b9008e9","2024-12-27T08:08:23Z","0xb1bd6a87dbf3fa0c7aab4c8e273626f4180f16e5","0xfb50526f49894b78541b776f5aaefe43e3bd8590","ERC20_TRANSFER","0x884a886d17a64852d18e5921fa7a05ae2954c9bb","SCALE AI","","3450000000000000000","0.003074251644409154"
"0x1334e1a1fe91055276719f2f30b96fac209783564dc5e2a73e9893cd79c5aab3","2024-12-27T13:34:59Z","0xb1bd6a87dbf3fa0c7aab4c8e273626f4180f16e5","0xfb50526f49894b78541b776f5aaefe43e3bd8590","ERC20_TRANSFER","0x884a886d17a64852d18e5921fa7a05ae2954c9bb","SCALE AI","","34000000000000000000","0.003044012916373905"
"0x34fb8b8ba734b6b8f927fcef1f1177b769eb2a2a820fe8f64b1033cc24f58ab8","2024-12-28T01:44:35Z","0xb1bd6a87dbf3fa0c7aab4c8e273626f4180f16e5","0xfb50526f49894b78541b776f5aaefe43e3bd8590","ERC20_TRANSFER","0x884a886d17a64852d18e5921fa7a05ae2954c9bb","SCALE AI","","75000000000000000000","0.04393711050617955"
"0x2c209b148cac8ca48db7bd509409cde4c0615b7989db8dd4f93a8efcce6bd7a2","2024-12-29T07:45:59Z","0x5af7d6e225e742e995e50c201b936bd8016517be","0xfb50526f49894b78541b776f5aaefe43e3bd8590","ERC20_TRANSFER","0xa65d56f8e074e773142205cd065fd0796b9aa483","MASSIVE AI","","10000000000000000000","0.040355994512088322"
"0x45e73a4871b7127bf295756b15f2a10ddd6035fa52ffc860560792929a6f8fc9","2024-12-29T08:22:23Z","0xb42c8522ab8565642481ecc9b9ca16824e210bd9","0xfb50526f49894b78541b776f5aaefe43e3bd8590","ERC20_TRANSFER","0xb215f3927192181ebcd79227c70c10015ff10df3","SAKANA AI","","350000000000000000000","0.004650101478403587"
"0x960acbaf32dffd5fa85f0c1f8c98d94a5b45f8b9c42c263ecb8d1478cbfbca96","2024-12-29T08:23:11Z","0x5af7d6e225e742e995e50c201b936bd8016517be","0xfb50526f49894b78541b776f5aaefe43e3bd8590","ERC20_TRANSFER","0xa65d56f8e074e773142205cd065fd0796b9aa483","MASSIVE AI","","1300000000000000000000","0.004703385549276141"
"0x7376e65ed74c2caea818b15eb5d061cc2e4ab97c2700b3617a436f0bfabbb2be","2024-12-29T13:46:11Z","0xb1bd6a87dbf3fa0c7aab4c8e273626f4180f16e5","0xfb50526f49894b78541b776f5aaefe43e3bd8590","ERC20_TRANSFER","0x884a886d17a64852d18e5921fa7a05ae2954c9bb","SCALE AI","","85000000000000000000","0.003871507079095544"
"0x8676d678bbc9adebdc05c2f4438e0397d0ae7982526de4a638caf20b032f957a","2024-12-29T13:46:11Z","0x5af7d6e225e742e995e50c201b936bd8016517be","0xfb50526f49894b78541b776f5aaefe43e3bd8590","ERC20_TRANSFER","0xa65d56f8e074e773142205cd065fd0796b9aa483","MASSIVE AI","","96000000000000000000","0.003867440854385719"
"0xb1f0971caf755c3eeb16e64da9e675b26e58975f594ad8764cca8c589021ed12","2024-12-30T09:12:59Z","0x572c9f24f52f4724f603677d5b4b0fd50c17fa8c","0xfb50526f49894b78541b776f5aaefe43e3bd8590","ERC20_TRANSFER","0xc552e14d206cf9b95f8843350c2a8d88b5316b46","LEXICON","","684134000000000000","0.001827563265113448"
"0x9182e34eaa3246f405f78a9dfc829c0ae74b0c41be46b72827ed7a92ea22c082","2024-12-30T09:19:35Z","0x925f82a829b9b67f320d032202390241bab256c9","0xfb50526f49894b78541b776f5aaefe43e3bd8590","ERC20_TRANSFER","0x4d57c67c8bab0fb3a0a0a35b904fbff4e5450521","NVIDIA AI","","75600000000000000000","0.001661990466430756"
"0xcc56f6f21484d70c1cd1f8fe0448ed732933ba3fe633f2881ced380ec2c4d3c3","2024-12-30T09:21:35Z","0xc0f47e54584bd246e3576d4c428d4a4bd670155a","0xfb50526f49894b78541b776f5aaefe43e3bd8590","ERC20_TRANSFER","0x7d09a736c5fb1db357de04a07deb22d5829da26f","TOGETHER AI","","58500000000000000000","0.001741253748474632"
"0x3295b1fb28b259b35e52f05d89039d50b30c66920e9ff763dfb2c404d47a7b0c","2024-12-31T01:40:59Z","0x925f82a829b9b67f320d032202390241bab256c9","0xfb50526f49894b78541b776f5aaefe43e3bd8590","ERC20_TRANSFER","0x4d57c67c8bab0fb3a0a0a35b904fbff4e5450521","NVIDIA AI","","96680000000000000000","0.018942644186666575"
"0x126031e063dc5898e63405a77f75b1178ff327295222fde4e3e251bb7a02f9d3","2025-01-01T03:25:35Z","0x897d76cc21ec749fc238df2cdc7e5cc97b1a26de","0xfb50526f49894b78541b776f5aaefe43e3bd8590","ERC20_TRANSFER","0x1f186de364a56e741fcb188d37a393d409d08aea","AERO","","52000000000000000000","0.014467454052607633"
"0x74c0f7ecf77577b05f0e68a4946bd82497dd767db1821e97d46cb24c6986da6e","2025-01-02T15:33:59Z","0x925f82a829b9b67f320d032202390241bab256c9","0xfb50526f49894b78541b776f5aaefe43e3bd8590","ERC20_TRANSFER","0x4d57c67c8bab0fb3a0a0a35b904fbff4e5450521","NVIDIA AI","","8765880000000000000000","0.014963470155135054"
"0x19c7b76ab1a7bca962befce0cbccda43362ae9c6a0d212ac67cde22f38d5b74b","2025-01-03T03:33:47Z","0x5af7d6e225e742e995e50c201b936bd8016517be","0xfb50526f49894b78541b776f5aaefe43e3bd8590","ERC20_TRANSFER","0xa65d56f8e074e773142205cd065fd0796b9aa483","MASSIVE AI","","8780000000000000000000","0.002636135895696945"
"0x7dc49c6a1be175732b35f74e287d8acb0f584d734ed19170e4f0b3556f3f8bd6","2025-01-03T07:21:59Z","0xd45dc3ebb8181de941205b4b00f77ce2c00b7ef5","0xfb50526f49894b78541b776f5aaefe43e3bd8590","ERC20_TRANSFER","0xfcbe0b695c13257bd43d64f09db433034e90033d","FIXIE AI","","96880000000000000000","0.015447161052473832"
"0x5ba76186c9afa7adb49543c5ba1a55dcd67e7e38744b1c45958285c4953042d6","2025-01-04T04:09:35Z","0x0b2214983328cd18ea52fb68fb1884b922d0ec6b","0xfb50526f49894b78541b776f5aaefe43e3bd8590","ERC20_TRANSFER","0x923fbd128abb210951ee0a7f78bff21719eca40a","MURF AI","","96968550000000010000","0.027339915131667414"
"0x46153f2330172008a8682dee60127de94757d1dffe7d96d97c7cbb2321034f55","2025-01-04T08:42:35Z","0xd45dc3ebb8181de941205b4b00f77ce2c00b7ef5","0xfb50526f49894b78541b776f5aaefe43e3bd8590","ERC20_TRANSFER","0xfcbe0b695c13257bd43d64f09db433034e90033d","FIXIE AI","","758896600000000000000","0.004910065623122518"
"0x208f166a74e0b18a46ad51cee3adee39ecce36604c99f6162288696aef8fb215","2025-01-04T19:51:59Z","0xb42c8522ab8565642481ecc9b9ca16824e210bd9","0xfb50526f49894b78541b776f5aaefe43e3bd8590","ERC20_TRANSFER","0xb215f3927192181ebcd79227c70c10015ff10df3","SAKANA AI","","668852300000000000000","0.00641119933309915"
"0xd1b1e9e70cd8210fe29dc3a550ad98b161d88da98a634480d286ddc31fe58607","2025-01-05T03:11:35Z","0x5722d1539c150458d603e7152652aee91f98bb26","0xfb50526f49894b78541b776f5aaefe43e3bd8590","ERC20_TRANSFER","0xf577d76e6eb380c605ddd11b86408d70f48af250","TESLA AI","","966998523000000000000","0.023287623052890666"
"0xef3b2f2699024ee874431ea4376fc00ac95f0ecb57cb5acc1e9cda9410693eff","2025-01-05T05:43:35Z","0xd45dc3ebb8181de941205b4b00f77ce2c00b7ef5","0xfb50526f49894b78541b776f5aaefe43e3bd8590","ERC20_TRANSFER","0xfcbe0b695c13257bd43d64f09db433034e90033d","FIXIE AI","","669007100000000000000","0.048083135775749055"
"0x1d137be690d99fcbf68b86e750540c78bd159f81cd7f305915d18f4d75578452","2025-01-05T09:30:11Z","0x5b1f667f02f6346399cd086a98eb4d25681821c7","0xfb50526f49894b78541b776f5aaefe43e3bd8590","ERC20_TRANSFER","0x1be5066d56336d1d0a567aad9af5accbcef75bc3","BONKIUS","","7593628603715432000000000000","0.073984576469195998"
"0xc897f1b61f3e57268044480cfe71918a228252815a394492d725312eb4f5a5e9","2025-01-09T06:26:35Z","0xa3b242792868ab189d8b44c823b12f77010f9fb4","0xfb50526f49894b78541b776f5aaefe43e3bd8590","ERC20_TRANSFER","0x07d739f025f816a56388f01d566f8e08e6c80651","FISH AI","","699960000000000000000000","0.061633889660789667"
"0x90a6b33e36d51808f6be3bb5e3dd73c4f04f842425cd0732ad9692057178edbc","2025-01-10T02:22:23Z","0xed5b39b9d737673258fae49b23e5686b161a8a7c","0xfb50526f49894b78541b776f5aaefe43e3bd8590","ERC20_TRANSFER","0x1495ac869433698ccd2946c1e62d37ba766294a9","NVIDIA AI PC","","66000000000000000000","0.014366179695070245"
"0x754b9de3dc2e2c9768435ae0f46c03be02eaec14cc95a7536f2935e4d88b26bb","2025-01-10T09:58:35Z","0xa3b242792868ab189d8b44c823b12f77010f9fb4","0xfb50526f49894b78541b776f5aaefe43e3bd8590","ERC20_TRANSFER","0x07d739f025f816a56388f01d566f8e08e6c80651","FISH AI","","78452000000000000000000","0.012369137759481314"
"0xd66c30b1f53a3143b43970ee7c93ae6d8939e87d5e019f377773092f3eb3687b","2025-01-12T15:15:11Z","0x4176d5c7b8743fd8e764cd3759c7ae7098eb13a7","0xfb50526f49894b78541b776f5aaefe43e3bd8590","ERC20_TRANSFER","0x5be480aa056ec274e5ae970d7a75df0c9620f6f8","Fridon AI","","12251326453126453000","0.010030438221719586"
"0xdd553b0fdf1296ea09eca8a9f4d8090c9adad8a72ab9f7a9c54d3244a5fdb349","2025-01-12T17:24:47Z","0x684de6fa01cf13f23fd9d87b1162d2735dc254d6","0xfb50526f49894b78541b776f5aaefe43e3bd8590","ERC20_TRANSFER","0x9a7ddee20b61ea4f4812665edf39dd157a66e873","LUMA AI","","88899652300000000000","0.011689979219558807"
"0x6834a6b5860e358c983ce3dc69c4d76235db48d17694ed2d480df4601ae38ecc","2025-01-13T02:26:35Z","0xd4d35a1da1fc64cd6373ecf0ec78f3b0f0930f20","0xfb50526f49894b78541b776f5aaefe43e3bd8590","ERC20_TRANSFER","0x4e6c80aa486af0ba20943fbc067a5557dbcf5458","SUNO AI","","87887000000000000000","0.020837715610361345"
"0xaf7f0da75f02bc686a1c561036561da1e37d0b9d5df9ae9d975aade149c9c5af","2025-01-13T07:33:59Z","0x4176d5c7b8743fd8e764cd3759c7ae7098eb13a7","0xfb50526f49894b78541b776f5aaefe43e3bd8590","ERC20_TRANSFER","0x5be480aa056ec274e5ae970d7a75df0c9620f6f8","Fridon AI","","2251326453126453250","0.008291278387334514"
"0xac3cd8bde45c5cb1264a4930de4d60c2a01b1deba8d0f55615977bbdafe1b712","2025-01-13T07:42:23Z","0x684de6fa01cf13f23fd9d87b1162d2735dc254d6","0xfb50526f49894b78541b776f5aaefe43e3bd8590","ERC20_TRANSFER","0x9a7ddee20b61ea4f4812665edf39dd157a66e873","LUMA AI","","8867800000000000","0.007335911671478365"
"0x42398ae0a2d278096c713fd3cf0c2d04993bb9732005d2fb6cd5c35e926bed31","2025-01-13T08:07:23Z","0x7cee5bf43f86cea52c5b806dda96c0027865e6ca","0xfb50526f49894b78541b776f5aaefe43e3bd8590","ERC20_TRANSFER","0x9b54c12782c986f1c9905781a43e433061b087f8","AOLO AI","","2251326453126453250","0.00858650774829309"
"0xf84262ef1223548596b5d0bd8922d476cff881f20e93b228ce449759f8ebe933","2025-01-14T04:58:11Z","0x4176d5c7b8743fd8e764cd3759c7ae7098eb13a7","0xfb50526f49894b78541b776f5aaefe43e3bd8590","ERC20_TRANSFER","0x5be480aa056ec274e5ae970d7a75df0c9620f6f8","Fridon AI","","2251326453126453250","0.006163856578192485"
"0x50aa0c214794112fdd08ea54d474a24766ca8d49f553d89699010d54543c3196","2025-01-18T00:18:35Z","0xda5f1d22c3ee8caad9d3155a597822dad7b88590","0xfb50526f49894b78541b776f5aaefe43e3bd8590","ERC20_TRANSFER","0xc91223f844772dcdc2c6394585c8c30b3c1be5c0","SEND AI","","66000000000000000000","0.004255303583770485"
"0x2b2ff126d89e682347c315e894a73823e9be1db90314bf0b0dc4cd5591b4cf5f","2025-01-22T04:47:47Z","0x925f82a829b9b67f320d032202390241bab256c9","0xfb50526f49894b78541b776f5aaefe43e3bd8590","ERC20_TRANSFER","0x4d57c67c8bab0fb3a0a0a35b904fbff4e5450521","NVIDIA AI","","10000000000000000000","0.005416229573617275"
"0xe3b2ce1078ae3cb5b6fe642caf01e4bbefa72ccc8e58ffd75c56d124cdbbfe59","2025-01-24T05:19:23Z","0xc04f0aef3b77bbe8770cfcdad6ec089e0fe57322","0xfb50526f49894b78541b776f5aaefe43e3bd8590","ERC20_TRANSFER","0xe7fb8ee1a8cb92501ad326ae0806f29194eaf44a","OPEN AI","","23000000000000000000","0.003867324631650682"
"0xf1cee94183424bbf6ae802a91125d71082130f252e83c5f06d2884081585cd59","2025-01-24T21:43:11Z","0xc04f0aef3b77bbe8770cfcdad6ec089e0fe57322","0xfb50526f49894b78541b776f5aaefe43e3bd8590","ERC20_TRANSFER","0xe7fb8ee1a8cb92501ad326ae0806f29194eaf44a","OPEN AI","","12300000000000000000","0.004746089554276015"
"0x9867115bf9e2b4bcd280ce764f44caa56cd0bc2db1e36307cf280b6b05566dca","2025-01-25T02:41:59Z","0xc04f0aef3b77bbe8770cfcdad6ec089e0fe57322","0xfb50526f49894b78541b776f5aaefe43e3bd8590","ERC20_TRANSFER","0xe7fb8ee1a8cb92501ad326ae0806f29194eaf44a","OPEN AI","","20000000000000000000","0.003702523624441499"
"0xd998dbfc71759a2719c40ff5b3c4853abf9624c07f3cd8631e987b1dd1e611c2","2025-01-25T02:48:59Z","0x7bd90e2035578d8162b9ae0ba0ba185fc6fc4cdd","0xfb50526f49894b78541b776f5aaefe43e3bd8590","ERC20_TRANSFER","0x3119ec517308ebca80d046b746219c6402582180","MOMO AI","","12000000000000000000","0.011574945981061611"
"0x5e87d867dc60e133d65d2e6c380853fb922e459a450b9d06a755558b9986c6a1","2025-01-26T04:16:11Z","0xf87d7be8a0bd4ca0fdf2d25ae0b806ce0a35550d","0xfb50526f49894b78541b776f5aaefe43e3bd8590","ERC20_TRANSFER","0xe38f71fc2ca5f5761ce21f39fff2ce70662fa54c","CHAINOPERA AI","","24000000000000000000","0.00672453874089106"
"0x06ecef11f01b8dd742541b882774e0666946c59f6df026fd1f7117f6520cd43f","2025-01-26T12:16:47Z","0x7bd90e2035578d8162b9ae0ba0ba185fc6fc4cdd","0xfb50526f49894b78541b776f5aaefe43e3bd8590","ERC20_TRANSFER","0x3119ec517308ebca80d046b746219c6402582180","MOMO AI","","52000000000000000000","0.002297263233549453"
"0x480d78e1ca9a83a0c863e0c03aa6f3ef7baa47468709021df21a9282400ebc69","2025-01-26T12:17:23Z","0xf87d7be8a0bd4ca0fdf2d25ae0b806ce0a35550d","0xfb50526f49894b78541b776f5aaefe43e3bd8590","ERC20_TRANSFER","0xe38f71fc2ca5f5761ce21f39fff2ce70662fa54c","CHAINOPERA AI","","65000000000000000000","0.002256231515282675"
"0xc0e451388651080fdbdb349f28310915ba8862b97aca2064a021ec06b65d5fc8","2025-01-27T05:16:11Z","0x58902fcd5d274fbd92e9ec7f353511014bf17b6a","0xfb50526f49894b78541b776f5aaefe43e3bd8590","ERC20_TRANSFER","0x83d473d1acd97aa45a97c3b778fb5714e7e4c604","DEEPSEEK AI","","20000000000000000000","0.015732920092086135"
"0x1665c3ceec18861dfc49f1aa933e9b53b7489efa8f4bf57d11e453b1476fcf1e","2025-01-27T11:13:11Z","0x58902fcd5d274fbd92e9ec7f353511014bf17b6a","0xfb50526f49894b78541b776f5aaefe43e3bd8590","ERC20_TRANSFER","0x83d473d1acd97aa45a97c3b778fb5714e7e4c604","DEEPSEEK AI","","60000000000000000000","0.015537468100579194"
"0x969dfa0421b6a0a8c100c7659a4390bd97fa6e0d062412e4175f5302923fc529","2025-01-28T10:40:35Z","0xaa13443856ccfddd0b2b2ab1f93fb49a0dfc2083","0xfb50526f49894b78541b776f5aaefe43e3bd8590","ERC20_TRANSFER","0xaf80b7dbebbb5d9a4d33c453fcbf3d054da53b25","NODEPAY AI","","99000000000000000000","0.024087430180608729"
"0x4b14b524058434ba49ebe863d8bf585f2946fe17c794a864a76dbcd6304872fd","2025-01-28T23:40:23Z","0x58902fcd5d274fbd92e9ec7f353511014bf17b6a","0xfb50526f49894b78541b776f5aaefe43e3bd8590","ERC20_TRANSFER","0x83d473d1acd97aa45a97c3b778fb5714e7e4c604","DEEPSEEK AI","","66000000000000000000","0.0155336031057463"
"0x01f31c1be8ddf6c06eb839d0e19d15dd1355d19b2402a7e6764e75e52e46c5df","2025-01-29T02:21:59Z","0x58902fcd5d274fbd92e9ec7f353511014bf17b6a","0xfb50526f49894b78541b776f5aaefe43e3bd8590","ERC20_TRANSFER","0x83d473d1acd97aa45a97c3b778fb5714e7e4c604","DEEPSEEK AI","","86600000000000000000","0.012767192844337309"
"0x87e4726c1b1089330056ed8e61fcf62a2788ed81ab298ac7c96f0f2b3e5a8f60","2025-01-29T07:31:23Z","0x58902fcd5d274fbd92e9ec7f353511014bf17b6a","0xfb50526f49894b78541b776f5aaefe43e3bd8590","ERC20_TRANSFER","0x83d473d1acd97aa45a97c3b778fb5714e7e4c604","DEEPSEEK AI","","66000000000000000000","0.006926527334008099"
"0x3ed38aca3544e8eea6337b257fb8714bb69ac5681befad6a9ba383d344b47d29","2025-01-29T11:27:59Z","0x58902fcd5d274fbd92e9ec7f353511014bf17b6a","0xfb50526f49894b78541b776f5aaefe43e3bd8590","ERC20_TRANSFER","0x83d473d1acd97aa45a97c3b778fb5714e7e4c604","DEEPSEEK AI","","99900000000000000000","0.018644260569685193"
"0x3ed38aca3544e8eea6337b257fb8714bb69ac5681befad6a9ba383d344b47d29","2025-01-29T11:27:59Z","0x58902fcd5d274fbd92e9ec7f353511014bf17b6a","0xfb50526f49894b78541b776f5aaefe43e3bd8590","ERC20_TRANSFER","0x83d473d1acd97aa45a97c3b778fb5714e7e4c604","DEEPSEEK AI","","99900000000000000000","0.018644260569685193"
"0x3ed38aca3544e8eea6337b257fb8714bb69ac5681befad6a9ba383d344b47d29","2025-01-29T11:27:59Z","0x58902fcd5d274fbd92e9ec7f353511014bf17b6a","0xfb50526f49894b78541b776f5aaefe43e3bd8590","ERC20_TRANSFER","0x83d473d1acd97aa45a97c3b778fb5714e7e4c604","DEEPSEEK AI","","99900000000000000000","0.018644260569685193"
"0x108f569aac0761fc0e6e50c9d466d98927f6107f4ac6f7abdb76cd3f78933790","2025-01-29T13:48:11Z","0x58902fcd5d274fbd92e9ec7f353511014bf17b6a","0xfb50526f49894b78541b776f5aaefe43e3bd8590","ERC20_TRANSFER","0x83d473d1acd97aa45a97c3b778fb5714e7e4c604","DEEPSEEK AI","","68860000000000000000","0.003032865380493018"
"0x1ba7bcc64f61fb8d3ef8162652006109e8b0fc87676dd55842cc28eb74d7827b","2025-01-30T04:56:59Z","0x58902fcd5d274fbd92e9ec7f353511014bf17b6a","0xfb50526f49894b78541b776f5aaefe43e3bd8590","ERC20_TRANSFER","0x83d473d1acd97aa45a97c3b778fb5714e7e4c604","DEEPSEEK AI","","5555000000000000000","0.002032271625076715"
"0x1fb3691dc39904d6eaf2811801c3c4b0bb128e2dec980d46bc33ae3a4523e4a4","2025-01-30T21:15:47Z","0x58902fcd5d274fbd92e9ec7f353511014bf17b6a","0xfb50526f49894b78541b776f5aaefe43e3bd8590","ERC20_TRANSFER","0x83d473d1acd97aa45a97c3b778fb5714e7e4c604","DEEPSEEK AI","","77650000000000000000","0.002753613476105066"
"0xffa1464e9fdb9d3f0c71b0e94758ee4b3a89a1aff063fca0e6d8393f1182073c","2025-01-31T03:54:47Z","0x58902fcd5d274fbd92e9ec7f353511014bf17b6a","0xfb50526f49894b78541b776f5aaefe43e3bd8590","ERC20_TRANSFER","0x83d473d1acd97aa45a97c3b778fb5714e7e4c604","DEEPSEEK AI","","8866600000000000000000","0.004733911866028397"
"0x0b72c7d306e891d29975758c7a5ef4474a498e725060072d1508a77241cc7361","2025-01-31T03:55:35Z","0x4722c4ad835752deb917e3b67d5d108cc60214a6","0xfb50526f49894b78541b776f5aaefe43e3bd8590","ERC20_TRANSFER","0x8c0df275c38092cd90ae4d6147d8e619b3a24637","COLLE AI","","9668800000000000000000","0.005179923191652404"
"0x86c2cc99414373f3cb69aab4ed547fb548781d82d05286f17894b5354e91b01a","2025-02-01T00:33:59Z","0x4b20de29852723af2d794f68b1200571a336e3b6","0xfb50526f49894b78541b776f5aaefe43e3bd8590","ERC20_TRANSFER","0xf960abf9ccc883970bea3e79f65027e27278e1a5","ASK AI","","75685000000000000000000","0.013650441538297392"
"0x7ee075c225fafd0ad277a5c7b13e8949bec222d71f408c76f3cdd71c67e59787","2025-02-02T01:42:47Z","0xb35dc45877384ab8006e3707e1698c9ff67cdec1","0xfb50526f49894b78541b776f5aaefe43e3bd8590","ERC20_TRANSFER","0x0043943a2760fbd57f6e9efd46005319b2362640","DEEPSEEK R1","","40000000000000000000","0.011689999918434684"
"0x7da058b2ea5f0fc04ff089038e510437351dead32c0a448abdaa053184a4f241","2025-02-05T05:46:35Z","0x7749e5507cf8e34771ad2e3ad073e158c04d5099","0xfb50526f49894b78541b776f5aaefe43e3bd8590","ERC20_TRANSFER","0xc68bcee3604f163f183cf8b9a26e610e5961b037","TESLA AI","","65599000000000000000000","0.011760039971968"
"0xa51fd5334e0a636de082fa9cfefb92c3bfae4afc96b82c048b5b6d6c21798332","2025-02-07T07:17:23Z","0xa2985ac186356bfa0f35d2ed86fb68aba7d0a614","0xfb50526f49894b78541b776f5aaefe43e3bd8590","ERC20_TRANSFER","0xd6619a3e925472a8d7822cc6a49b76b3554a3498","MOJO AI","","8887500000000000000","0.003204698232573097"
"0x9c3df339d78a20ddec528addedd22604d40635768edf3eb1ef964e9cc251df37","2025-02-08T05:03:23Z","0xf56f9ae199e09c4ab91d2ed65860c30862bbade8","0xfb50526f49894b78541b776f5aaefe43e3bd8590","ERC20_TRANSFER","0x889967c644f7c1ebf9b7253603f324eb5f293b6c","WISDOMISE AI","","8888500000000000000000","0.001218762316613352"
"0x61845672c24771a6babf4b6bec644edf9154b0a35c8c64837e16340ddb3e83de","2025-02-08T05:04:23Z","0xa2985ac186356bfa0f35d2ed86fb68aba7d0a614","0xfb50526f49894b78541b776f5aaefe43e3bd8590","ERC20_TRANSFER","0xd6619a3e925472a8d7822cc6a49b76b3554a3498","MOJO AI","","7687700000000000000000","0.001283165729551174"
"0x1b794f8ff1640391bc15b81928e7ee0f52f7aff3dabb45c4ba60e745cab4b9ea","2025-02-09T02:26:35Z","0xf56f9ae199e09c4ab91d2ed65860c30862bbade8","0xfb50526f49894b78541b776f5aaefe43e3bd8590","ERC20_TRANSFER","0x889967c644f7c1ebf9b7253603f324eb5f293b6c","WISDOMISE AI","","66666000000000000000000","0.003640340206449814"
"0x4678498742a220fb78201ab1cde6f3fb2e8fbc56dfe95ff735a3f941802e2c47","2025-02-09T19:35:11Z","0xa9d1e08c7793af67e9d92fe308d5697fb81d3e43","0xfb50526f49894b78541b776f5aaefe43e3bd8590","ERC20_TRANSFER","0x8811249e0af51bfffca2a1148d7d6f819043e7c3","NC-Eligible (Verify: www.nodeco.in)","","9900000000000001000000","0.001585935603009118"
"0x82813450065e06908f2033ccf953729f0884821ec4a892f0d653feb898896514","2025-02-10T08:27:47Z","0xf56f9ae199e09c4ab91d2ed65860c30862bbade8","0xfb50526f49894b78541b776f5aaefe43e3bd8590","ERC20_TRANSFER","0x889967c644f7c1ebf9b7253603f324eb5f293b6c","WISDOMISE AI","","8745000000000000000000","0.000893405498160474"
"0x74660120b2bd058a715328135010b73cb1dc4ebdcc81162c142c1c87ca7efc36","2025-02-10T08:30:59Z","0xa2985ac186356bfa0f35d2ed86fb68aba7d0a614","0xfb50526f49894b78541b776f5aaefe43e3bd8590","ERC20_TRANSFER","0xd6619a3e925472a8d7822cc6a49b76b3554a3498","MOJO AI","","69879680000000000000","0.000853558315297765"
"0xf784bcac592ecc3b243373d342075afa5c7a82b96d0c66335e3bc9be42487149","2025-02-11T01:43:47Z","0xae690b82b56379d899d57ac52ad2f4021265f245","0xfb50526f49894b78541b776f5aaefe43e3bd8590","ERC20_TRANSFER","0x2f375ce83ee85e505150d24e85a1742fd03ca593","TST","","8673999999999999000000","0.003140544921638405"
"0x8575036dd627d1f3f478698245968b924b3f4208146ed8581a77fd343f7ef6ed","2025-02-12T08:58:35Z","0x3dbaf8e89fc8a12cbc5d7aea21bf6d3bf0b83815","0xfb50526f49894b78541b776f5aaefe43e3bd8590","ERC20_TRANSFER","0xe4e0dc08c6945ade56e8209e3473024abf29a9b4","CODE AIAGENT","","4251326453126453200","0.003832367248873863"
"0xe0f159600c7b7b31f30ef050f9e04daf3b83b6fcbc581655c21a412c9a50b790","2025-02-14T00:28:35Z","0x9f7738a4068b4b6622ae686b86f7badc35171f54","0xfb50526f49894b78541b776f5aaefe43e3bd8590","ERC20_TRANSFER","0x92aeed8027735c41605577b45a69429bd7f729f9","BROCCOLI COIN","","10000000000000000000","0.009781587164175528"
"0xd4557aadef02eca898687616240f0bd32c5b6373d4a9a8598f341f87e5f16df9","2025-02-21T09:07:59Z","0x35f1a1d7ddbe0e36c674fb59601fed1a9db3a528","0xfb50526f49894b78541b776f5aaefe43e3bd8590","ERC20_TRANSFER","0x8a801c334ebac763822a0d85a595aec6da59c232","GROK3 AI","","99666000000000000000","0.010100784916155834"
"0xdc668bbbb3b30d8c623a23b9c416a84caf384e8e36e3c940872f9a55ee1ee679","2025-02-22T00:22:11Z","0x6c253a777fba831063c12e29626a3ef7dba116ef","0xfb50526f49894b78541b776f5aaefe43e3bd8590","ERC20_TRANSFER","0xc136eb8abc892723ae87f355d12cb721c4324d54","Grok3 Coin","","85799000000000000000","0.00272714738129478"
"0xbb3ca457ae7a826edaa3f1fec8fea4007e64f14bdb752bab37da227c74658284","2025-03-05T20:36:59Z","0xe295ad71242373c37c5fda7b57f26f9ea1088afe","0xfb50526f49894b78541b776f5aaefe43e3bd8590","ERC20_TRANSFER","0xc202189814b96788b9711197b509574e51300ff0","Airdrop(s) to be claimed at https://t.ly/drops","","1000000000000000000","0.001326682659805956"
"0x4be846677d03aa69b6bf41989dde6050c43fb99d2d18216cace236917dd4d0f2","2025-03-06T07:56:35Z","0x34bb3be8da713e82bdcaefa0abddb1a2c5259cd2","0xfb50526f49894b78541b776f5aaefe43e3bd8590","ERC20_TRANSFER","0x3c78e3391c47fb9310bdb9085955934e1622442f","AERO","","10000000000000000000","0.007058788294540055"
"0xb1cc263e203ced0b144e69ef272a160bf56af6f5fca3f4cafe9047615aa3250d","2025-03-06T07:59:35Z","0x34bb3be8da713e82bdcaefa0abddb1a2c5259cd2","0xfb50526f49894b78541b776f5aaefe43e3bd8590","ERC20_TRANSFER","0x3c78e3391c47fb9310bdb9085955934e1622442f","AERO","","10000000000000000000","0.005733513595551993"
"0x1726e992db5d42410572939024758f231a71fdc91aa97870699bab00a232021b","2025-03-06T11:17:47Z","0x34bb3be8da713e82bdcaefa0abddb1a2c5259cd2","0xfb50526f49894b78541b776f5aaefe43e3bd8590","ERC20_TRANSFER","0x3c78e3391c47fb9310bdb9085955934e1622442f","AERO","","10000000000000000000","0.001394172771693882"
"0x4d19d5297e22a408e5c5d9d4242f94be9e5d146d04ebcab299dea20d8687f23b","2025-03-27T08:18:47Z","0xa07dd68136bb4918bd48d3eff89edb43accf6a5a","0xfb50526f49894b78541b776f5aaefe43e3bd8590","ERC20_TRANSFER","0xc5a861787f3e173f2b004d5cfa6a717f5dc5484d","SNL","","215000000000000000000000","0.012262190690630382"
"0x029486fee77bfc362d873dcd2f1cc4fd9d15f812315d424309279f01edfc0300","2025-06-17T05:33:11Z","0x33fdb3b9113691681168b0617f0809544277f912","0xfb50526f49894b78541b776f5aaefe43e3bd8590","ERC20_TRANSFER","0x97ad24ab86186af1d0bad969c7ec2116f2120db6","SWOL","","14000000000000000000000","0.0147668586997932"
